FTEN20200315900,TENET (TRL. F2) 2D,WARNER BROS. MALAYSIA SDN. BHD.,LULUS BERSIH (LB),U,2/1/2020
FCBM20200316328,TUJU-TUJU,MADNESS FILMS SDN. BHD.,LULUS BERSIH (LB),P13,2/1/2020
FTKT20200316367,ALL'S WELL END'S WELL 2020,LOTUS FIVE STAR AV (M) SDN. BHD.,LULUS BERSIH DENGAN PENGUBAHAN LAIN (LBP),U,3/1/2020
FTBM20200316376,ZOMBITOPIA,YUSARI FILEM SDN. BHD.,LULUS BERSIH (LB),U,3/1/2020
FCIN20200316381,RUMAH KENTANG: THE BEGINING,SURAYA FILEM PRODUCTION AND DISTRIBUTION SDN. BHD,LULUS BERSIH (LB),18,3/1/2020
FCBM20200316377,MIIMALAND,MICO STUDIO (M) SDN. BHD.,LULUS BERSIH (LB),P13,3/1/2020
FCTM20200316402,MR.PEYII,UNISON PRODUCTION SDN BHD,LULUS BERSIH (LB),P13,3/1/2020
FTEN20200316396,DOLITTLE LUNAR NEW YEAR GREETING PSA (2D),UNITED INTERNATIONAL PICTURES (SDN),LULUS BERSIH (LB),U,6/1/2020
FCHD20200316432,TANHAJI,SURAYA FILEM PRODUCTION AND DISTRIBUTION SDN. BHD,LULUS BERSIH (LB),18,6/1/2020
FTHD20200316433,TANHAJI (TRELER 1),SURAYA FILEM PRODUCTION AND DISTRIBUTION SDN. BHD,LULUS BERSIH (LB),U,6/1/2020
FTHD20200316434,TANHAJI (TRELER 2),SURAYA FILEM PRODUCTION AND DISTRIBUTION SDN. BHD,LULUS BERSIH (LB),U,6/1/2020
FTKT20200316391,GOOD WEALTH 2020,JET POH ASIA MEDIA SDN BHD,LULUS BERSIH (LB),U,6/1/2020
FMJP20200316444,"LOVE LIVE ! NIJIGASAKI HIGH SCHOOL CLUB IDOL FIRST LIVE "" WITH YOU """,GSC MOVIES SDN BHD,LULUS BERSIH (LB),U,7/1/2020
FCTL20200316413,ALA VAIKUNTHAPURAMLO,MSK FILM PRODUCTION SDN BHD,LULUS DENGAN PENGUBAHAN (LDP),P13,7/1/2020
FCKT20200316256,AMAZING SPRING,THE FILM ENGINE SDN. BHD.,LULUS BERSIH (LB),P13,7/1/2020
FCTL20200316431,SARILERU NEEKEVVARU,SUARA NETWORKS AV (M) SDN. BHD.,LULUS DENGAN PENGUBAHAN (LDP),P13,8/1/2020
FCKT20200316296,AH BENG THE MOVIE MISSION IMPOSSIBLE,THE FILM ENGINE SDN. BHD.,LULUS DENGAN PENGUBAHAN (LDP),P13,8/1/2020
FCKT20200316271,HUAT THE FISH,THE FILM ENGINE SDN. BHD.,LULUS DENGAN PENGUBAHAN (LDP),P13,8/1/2020
FTMD20200316507,THE RESCUE,MM2 FILM DISTRIBUTION SDN BHD,LULUS BERSIH (LB),U,8/1/2020
FCBM20200316517,ABANG LONG FADIL 3,SKOP PRODUCTIONS SDN. BHD.,LULUS BERSIH (LB),P13,8/1/2020
FCTM20200316425,PATTAS,DMY CREATION SDN. BHD.,LULUS DENGAN PENGUBAHAN (LDP),18,8/1/2020
FCTM20200316427,PON MANICKAVEL,DMY CREATION SDN. BHD.,LULUS DENGAN PENGUBAHAN (LDP),18,8/1/2020
FCEN20200316429,AIYAI,DMY CREATION SDN. BHD.,LULUS DENGAN PENGUBAHAN (LDP),P13,8/1/2020
FCTM20200316428,50/50,DMY CREATION SDN. BHD.,LULUS BERSIH (LB),P13,8/1/2020
FTMD20200316519,DETECTIVE CHINATOWN 3,MM2 FILM DISTRIBUTION SDN BHD,LULUS BERSIH (LB),U,8/1/2020
FTEN20200316525,TROLLS WORLD TOUR (TRL. D) 2D,UNITED INTERNATIONAL PICTURES (SDN),LULUS BERSIH (LB),U,9/1/2020
FTEN20200316526,RESPECT (TRL. A) 2D,UNITED INTERNATIONAL PICTURES (SDN),LULUS BERSIH (LB),U,9/1/2020
FTTH20200316534,HAPPY OLD YEAR,SURAYA FILEM PRODUCTION AND DISTRIBUTION SDN. BHD,LULUS DENGAN PENGUBAHAN (LDP),U,9/1/2020
FTMD20200316537,THE RESCUE (PSA),MM2 FILM DISTRIBUTION SDN BHD,LULUS BERSIH (LB),U,9/1/2020
FCMD20200316545,THE RESCUE,MM2 FILM DISTRIBUTION SDN BHD,LULUS DENGAN PENGUBAHAN (LDP),P13,9/1/2020
FTEN20200316562,THE WALL STREET GIRL - TRL,TGV PICTURES SDN. BHD.,LULUS DENGAN PENGUBAHAN (LDP),U,10/1/2020
FTKT20200316566,THE GRAND GRANDMASTER,GSC MOVIES SDN BHD,LULUS BERSIH (LB),U,10/1/2020
FTKT20200316574,ENTER FAT DRAGON ,GSC MOVIES SDN BHD,LULUS BERSIH (LB),U,10/1/2020
FCKT20200316583,VANGUARD - 2D,GSC MOVIES SDN BHD,LULUS DENGAN PENGUBAHAN (LDP),P13,10/1/2020
FCKT20200316581,ENTER FAT DRAGON -2D ,GSC MOVIES SDN BHD,LULUS DENGAN PENGUBAHAN (LDP),P13,10/1/2020
FCEN20200316586,LITTLE WOMEN (2D),SONY PICTURES ENTERTAINMENT MALAYSIA SDN. BHD.,LULUS DENGAN PENGUBAHAN (LDP),P13,13/1/2020
FCIN20200316522,SI MANIS JEMBATAN ANCOL,NUSANTARA SENI KARYA SDN. BHD.,LULUS DENGAN PENGUBAHAN (LDP),P13,13/1/2020
FTEN20200316638,THE GENTLEMEN,TGV PICTURES SDN. BHD.,LULUS BERSIH (LB),U,13/1/2020
FCIN20200316631,PEREMPUAN TANAH JAHANAM,SURAYA FILEM PRODUCTION AND DISTRIBUTION SDN. BHD,LULUS DENGAN PENGUBAHAN (LDP),18,13/1/2020
FCKT20200316671,ALL'S WELL END'S WELL 2020 - 2D,LOTUS FIVE STAR AV (M) SDN. BHD.,LULUS DENGAN PENGUBAHAN (LDP),P13,13/1/2020
FTTM20200316685,SANTHITTHA NAAL MUTHAL - 110SAAT,TOP MOVIES SDN BHD,LULUS DENGAN PENGUBAHAN (LDP),U,14/1/2020
FCMD20200316747,JIANG ZIYA : LEGEND OF DEIFICATION - 2D,GSC MOVIES SDN BHD,LULUS DENGAN PENGUBAHAN (LDP),P13,14/1/2020
FCHD20200316756,PANGA,ANTENNA ENTERTAINMENTS SDN BHD,LULUS BERSIH (LB),P13,15/1/2020
FTEN20200316740,MORBIUS (TRL. B) 2D,SONY PICTURES ENTERTAINMENT MALAYSIA SDN. BHD.,LULUS BERSIH (LB),U,15/1/2020
FCEN20200316587,FANTASY ISLAND (2D),SONY PICTURES ENTERTAINMENT MALAYSIA SDN. BHD.,LULUS DENGAN PENGUBAHAN (LDP),18,15/1/2020
FCTM20200316769,RAJAVUKKU CHECK -2D,LOTUS FIVE STAR AV (M) SDN. BHD.,LULUS DENGAN PENGUBAHAN (LDP),18,15/1/2020
FCJM20200316780,DETECTIVE CHINATOWN 3,MM2 FILM DISTRIBUTION SDN BHD,LULUS DENGAN PENGUBAHAN (LDP),P13,15/1/2020
FTMD20200316784,THE RESCUE - CNY GREETING,MM2 FILM DISTRIBUTION SDN BHD,LULUS BERSIH (LB),U,15/1/2020
FTBM20200316721,TOWN MALL,ENUJA PRODUCTION SDN. BHD.,LULUS BERSIH (LB),U,15/1/2020
FCGE20200316714,BLUE MOUNTAINS OR UNBELIEVABLE STORY,EMBASSY OF GEORGIA,LULUS BERSIH (LB),P13,15/1/2020
FTJP20200316748,HER BLUE SKY,GSC MOVIES SDN BHD,LULUS BERSIH (LB),U,15/1/2020
FTMD20200316746,JIANG ZIYA : LEGEND OF DEIFICATION,GSC MOVIES SDN BHD,LULUS BERSIH (LB),U,15/1/2020
FAJP20200316749,HER BLUE SKY - 2D,GSC MOVIES SDN BHD,LULUS DENGAN PENGUBAHAN (LDP),P13,15/1/2020
FTBM20200316805,JODOH SYAITAN,EMPIRE FILM SOLUTION SDN.BHD.,LULUS BERSIH (LB),U,15/1/2020
FTKT20200316815,KIDNAPPED,TOUCHLAND ENTERTAINMENT SDN BHD,LULUS BERSIH (LB),U,16/1/2020
FCEN20200316781,BIRDS OF PREY: AND THE FANTABULOUS EMANCIPATION OF ONE HARLEY QUINN (2D),WARNER BROS. MALAYSIA SDN. BHD.,LULUS DENGAN PENGUBAHAN (LDP),18,16/1/2020
FCEN20200316820,DOWNHILL (2D),THE WALT DISNEY COMPANY (MALAYSIA) SDN. BHD.,LULUS BERSIH (LB),18,16/1/2020
FCBM20200316826,ZOMBITOPIA,YUSARI FILEM SDN. BHD.,LULUS BERSIH (LB),P13,16/1/2020
FCTM20200316821,PSYCHO ,MSK FILM PRODUCTION SDN BHD,LULUS DENGAN PENGUBAHAN (LDP),18,16/1/2020
FCKT20200316833,THE GRAND GRANDMASTER -2D,GSC MOVIES SDN BHD,LULUS DENGAN PENGUBAHAN (LDP),P13,16/1/2020
FCTM20200316840,OH MY KADAVULE - 2D,LOTUS FIVE STAR AV (M) SDN. BHD.,LULUS DENGAN PENGUBAHAN (LDP),P13,16/1/2020
FCHD20200316850,STREET DANCER,SURAYA FILEM PRODUCTION AND DISTRIBUTION SDN. BHD,LULUS DENGAN PENGUBAHAN (LDP),P13,17/1/2020
FTEN20200316851,BLOODSHOT (TRL. L) 2D,SONY PICTURES ENTERTAINMENT MALAYSIA SDN. BHD.,LULUS BERSIH (LB),U,17/1/2020
FCEN20200316822,THE GENTLEMEN - 2D,TGV PICTURES SDN. BHD.,LULUS DENGAN PENGUBAHAN (LDP),18,17/1/2020
FCEN20200316862,SONIC THE HEDGEHOG (2D),UNITED INTERNATIONAL PICTURES (SDN),LULUS BERSIH (LB),P13,20/1/2020
FTKR20200316943,HITMAN : AGENT JUN,ATRINAGA SDN BHD,LULUS BERSIH (LB),U,21/1/2020
FCMD20200316977,THE RESCUE,MM2 FILM DISTRIBUTION SDN BHD,LULUS DENGAN PENGUBAHAN (LDP),P13,21/1/2020
FCTM20200316993,VAANAM KOTTATTUM - 2D,LOTUS FIVE STAR AV (M) SDN. BHD.,LULUS DENGAN PENGUBAHAN (LDP),P13,22/1/2020
FTBM20200316968,EYE ON THE BALL,SMG ENTERTAINMENT SDN BHD,LULUS BERSIH (LB),U,22/1/2020
FTEN20200316996,THE SECRET GARDEN,TGV PICTURES SDN. BHD.,LULUS BERSIH (LB),U,22/1/2020
FCEN20200317000,ONWARD (2D),THE WALT DISNEY COMPANY (MALAYSIA) SDN. BHD.,LULUS BERSIH (LB),P13,22/1/2020
FTEN20200317014,GUNS AKIMBO,SURAYA FILEM PRODUCTION AND DISTRIBUTION SDN. BHD,LULUS DENGAN PENGUBAHAN (LDP),U,22/1/2020
FTIN20200317015,JERITAN MALAM,SURAYA FILEM PRODUCTION AND DISTRIBUTION SDN. BHD,LULUS BERSIH (LB),U,22/1/2020
FTBM20200316911,TUJU-TUJU,MADNESS FILMS SDN. BHD.,LULUS BERSIH (LB),U,22/1/2020
FTHD20200317020,JAWAANI JAANEMAN,SURAYA FILEM PRODUCTION AND DISTRIBUTION SDN. BHD,LULUS DENGAN PENGUBAHAN (LDP),U,22/1/2020
FCHD20200317021,JAWAANI JAANEMAN,SURAYA FILEM PRODUCTION AND DISTRIBUTION SDN. BHD,LULUS BERSIH (LB),18,22/1/2020
FTTW20200317034,DO YOU LOVE ME AS I LOVE YOU,RAM ENTERTAINMENT SDN BHD,LULUS DENGAN PENGUBAHAN (LDP),U,22/1/2020
FCTM20200317059,DAMAYANTHI,KS MOVIE SDN BHD,LULUS BERSIH (LB),P13,23/1/2020
FTMD20200317058,CRAZE BELOW THE WIND,MM2 FILM DISTRIBUTION SDN BHD,LULUS BERSIH (LB),U,23/1/2020
FCMD20200317064,CRAZE BELOW THE WIND,MM2 FILM DISTRIBUTION SDN BHD,LULUS DENGAN PENGUBAHAN (LDP),P13,23/1/2020
FCTM20200317110,TAMANI,CINI SHATRIYA SDN. BHD.,LULUS BERSIH (LB),P13,23/1/2020
FTTM20200317112,TAMANI,CINI SHATRIYA SDN. BHD.,LULUS BERSIH (LB),U,23/1/2020
FCTM20200317133,DACKALTI - 2D,LOTUS FIVE STAR AV (M) SDN. BHD.,LULUS DENGAN PENGUBAHAN (LDP),P13,24/1/2020
FCTM20200317134,NAADODIGAL 2 - 2D,LOTUS FIVE STAR AV (M) SDN. BHD.,LULUS DENGAN PENGUBAHAN (LDP),P13,24/1/2020
FCTH20200317145,HAPPY OLD YEAR,SURAYA FILEM PRODUCTION AND DISTRIBUTION SDN. BHD,LULUS DENGAN PENGUBAHAN (LDP),P13,24/1/2020
FTTG20200317146,HEIRESS,SURAYA FILEM PRODUCTION AND DISTRIBUTION SDN. BHD,LULUS BERSIH (LB),U,24/1/2020
FCTM20200317070,SERVER SUNDRAM,TSR FILMS SDN. BHD.,LULUS BERSIH DENGAN PENGUBAHAN LAIN (LBP),P13,24/1/2020
FCPR20200317197,THE ROYAL EXCHANGE,EMBASSY OF FRANCE IN MALAYSIA,LULUS BERSIH (LB),18,28/1/2020
FCPR20200317198,SOMEONE SOMEWHERE,EMBASSY OF FRANCE IN MALAYSIA,LULUS DENGAN PENGUBAHAN (LDP),18,28/1/2020
FCTM20200317212,VANMURAI - 2D,LOTUS FIVE STAR AV (M) SDN. BHD.,LULUS DENGAN PENGUBAHAN (LDP),18,29/1/2020
FCEN20200317229,GUN AKIMBO,SURAYA FILEM PRODUCTION AND DISTRIBUTION SDN. BHD,LULUS DENGAN PENGUBAHAN (LDP),18,29/1/2020
FTBM20200317215,ROCK 4 : ROCKERS NEVER DAI 90 SEC,PRIMEWORKS STUDIOS SDN. BHD.,LULUS BERSIH (LB),U,30/1/2020
FTBM20200317216,ROCK 4 : ROCKERS NEVER DAI 30 SEC,PRIMEWORKS STUDIOS SDN. BHD.,LULUS BERSIH (LB),U,30/1/2020
FCTM20200317184,SEERU,DMY CREATION SDN. BHD.,LULUS DENGAN PENGUBAHAN (LDP),18,30/1/2020
FCTM20200317273,SANDIMUNI,KS MOVIE SDN BHD,LULUS DENGAN PENGUBAHAN (LDP),P13,30/1/2020
FCKT20200317265,YOU ARE THE ONE - 2D,YUSARI FILEM SDN. BHD.,LULUS DENGAN PENGUBAHAN (LDP),P13,30/1/2020
FTIN20200317281,AKU TAHU KAPAN KAMU MATI,SURAYA FILEM PRODUCTION AND DISTRIBUTION SDN. BHD,LULUS BERSIH (LB),U,30/1/2020
FCTM20200317286,NAAN SIRITHAL,DMY CREATION SDN. BHD.,LULUS BERSIH (LB),P13,31/1/2020
FCKR20200317335,HITMAN : AGENT JUN,ATRINAGA SDN BHD,LULUS DENGAN PENGUBAHAN (LDP),P13,31/1/2020
FCTM20200317267,MOONDRAM ATHIGHARAM : THE THIRD RULE,KALKI PRODUCTION GROUP SDN. BHD.,LULUS DENGAN PENGUBAHAN (LDP),P13,31/1/2020
FCMD20200317360,YOUR LOVE SONG,MM2 FILM DISTRIBUTION SDN BHD,LULUS BERSIH (LB),P13,31/1/2020
FCHD20200317398,MALANG,NUSANTARA SENI KARYA SDN. BHD.,LULUS DENGAN PENGUBAHAN (LDP),18,31/1/2020
FCEN20200317340,DOWNHILL (2D),THE WALT DISNEY COMPANY (MALAYSIA) SDN. BHD.,LULUS BERSIH (LB),18,3/2/2020
FCIN20200317444,RASUK 2,ANTENNA ENTERTAINMENTS SDN BHD,LULUS BERSIH (LB),P13,3/2/2020
FTMD20200317454,YOUR LOVE SONG,MM2 FILM DISTRIBUTION SDN BHD,LULUS BERSIH (LB),U,3/2/2020
FCKR20200317246,SECRET ZOO - 2D,GSC MOVIES SDN BHD,LULUS BERSIH (LB),P13,3/2/2020
FCMD20200317247,WET SEASON - 2D,GSC MOVIES SDN BHD,LULUS DENGAN PENGUBAHAN (LDP),P13,3/2/2020
FCEN20200317486,ONWARD (2D),THE WALT DISNEY COMPANY (MALAYSIA) SDN. BHD.,LULUS BERSIH (LB),P13,4/2/2020
FCEN20200317487,THE CALL OF THE WILD (2D),THE WALT DISNEY COMPANY (MALAYSIA) SDN. BHD.,LULUS BERSIH (LB),P13,5/2/2020
FCTL20200317483,JAANU,SUARA NETWORKS AV (M) SDN. BHD.,LULUS BERSIH (LB),P13,5/2/2020
FTHD20200317539,MALANG,NUSANTARA SENI KARYA SDN. BHD.,LULUS DENGAN PENGUBAHAN (LDP),U,5/2/2020
FCBM20200317556,REMP - IT 2,EMPIRE FILM SOLUTION SDN.BHD.,LULUS BERSIH (LB),P13,6/2/2020
FTTH20200317568,NECROMANCER 2020,GSC MOVIES SDN BHD,LULUS BERSIH (LB),U,6/2/2020
FTKR20200317569,SECRET ZOO ,GSC MOVIES SDN BHD,LULUS BERSIH (LB),U,6/2/2020
FTJP20200317571,KONOSUBA : GOD'S BLESSING ON THIS WONDERFUL WORLD LEGEND OF CRIMSON,GSC MOVIES SDN BHD,LULUS DENGAN PENGUBAHAN (LDP),U,6/2/2020
FTEN20200317572,COMA ,GSC MOVIES SDN BHD,LULUS BERSIH (LB),U,6/2/2020
FTBM20200317580,BULAN DAN PRIA TERHEBAT,SKOP FILM DISTRIBUTIONS SDN BHD,LULUS BERSIH (LB),U,6/2/2020
FCHD20200317597,LOVE AAJ KAL,ANTENNA ENTERTAINMENTS SDN BHD,LULUS DENGAN PENGUBAHAN (LDP),18,7/2/2020
FTEN20200317586,RUMBLE (TRL. A) 2D ,UNITED INTERNATIONAL PICTURES (SDN),LULUS BERSIH (LB),U,7/2/2020
FCTM20200317599,GODFATHER,KS MOVIE SDN BHD,LULUS DENGAN PENGUBAHAN (LDP),P13,7/2/2020
FTBM20200314082,ROH,KUMAN PICTURES SDN BHD,LULUS BERSIH (LB),U,7/2/2020
FCEN20200317543,THE INVISIBLE MAN (2D),UNITED INTERNATIONAL PICTURES (SDN),LULUS DENGAN PENGUBAHAN (LDP),18,10/2/2020
FCTL20200317660,WORLD FAMOUS LOVER,SUARA NETWORKS AV (M) SDN. BHD.,LULUS DENGAN PENGUBAHAN (LDP),18,10/2/2020
FTIN20200317607,MANGKUJIWO,NUSANTARA SENI KARYA SDN. BHD.,LULUS BERSIH (LB),U,10/2/2020
FTEN20200317674,FAST AND FURIOUS 9 (TRL. A) 2D,UNITED INTERNATIONAL PICTURES (SDN),LULUS BERSIH (LB),U,10/2/2020
FMJP20200317668,LOVE LIVE ! SERIES 9TH ANNIVERSARY LOVELIVE! FEST,GSC MOVIES SDN BHD,LULUS BERSIH (LB),P13,10/2/2020
FCEN20200317669,BRAHMS: THE BOY 2 -2D,GSC MOVIES SDN BHD,LULUS BERSIH (LB),P13,10/2/2020
FCTH20200317670,NECROMANCER 2020 -2D,GSC MOVIES SDN BHD,LULUS DENGAN PENGUBAHAN (LDP),18,10/2/2020
FCPR20200317201,SELFIE,EMBASSY OF FRANCE IN MALAYSIA,LULUS DENGAN PENGUBAHAN (LDP),18,10/2/2020
FCPR20200317194,OF LOVE AND LIES ,EMBASSY OF FRANCE IN MALAYSIA,LULUS BERSIH (LB),P13,10/2/2020
FCPR20200317192,ARAB BLUES,EMBASSY OF FRANCE IN MALAYSIA,LULUS BERSIH (LB),18,10/2/2020
FCPR20200317210,CONVICTION ,EMBASSY OF FRANCE IN MALAYSIA,LULUS BERSIH (LB),P13,10/2/2020
FCPR20200317191,IN THE NAME OF THE LAND ,EMBASSY OF FRANCE IN MALAYSIA,LULUS BERSIH (LB),18,10/2/2020
FCPR20200317209,GUY,EMBASSY OF FRANCE IN MALAYSIA,LULUS BERSIH (LB),18,10/2/2020
FAPR20200317199,LE VOYAGE DU PRINCE ,EMBASSY OF FRANCE IN MALAYSIA,LULUS BERSIH (LB),P13,10/2/2020
FCPR20200317204,PAPER FLAGS ,EMBASSY OF FRANCE IN MALAYSIA,LULUS DENGAN PENGUBAHAN (LDP),18,10/2/2020
FCPR20200317202,LE MYSTERE HENRI PICK ,EMBASSY OF FRANCE IN MALAYSIA,LULUS DENGAN PENGUBAHAN (LDP),P13,10/2/2020
FCPR20200317205,KEEP GOING ,EMBASSY OF FRANCE IN MALAYSIA,LULUS DENGAN PENGUBAHAN (LDP),P13,10/2/2020
FCPR20200317208,FATHER AND SONS ,EMBASSY OF FRANCE IN MALAYSIA,LULUS DENGAN PENGUBAHAN (LDP),18,10/2/2020
FCTM20200317638,ADHO ANDHA PARAVAI POLA,DMY CREATION SDN. BHD.,LULUS DENGAN PENGUBAHAN (LDP),P13,10/2/2020
FTBM20200317585,TAKUT KE TAK,JAZZY PICTURES (M) SDN. BHD.,LULUS BERSIH (LB),U,10/2/2020
FCEN20200317712,ANTLERS (2D),THE WALT DISNEY COMPANY (MALAYSIA) SDN. BHD.,LULUS DENGAN PENGUBAHAN (LDP),18,11/2/2020
FCKT20200317657,CALL ME AGENT,EVO PICTURES SDN BHD,LULUS DENGAN PENGUBAHAN (LDP),P13,11/2/2020
FCPR20200317195,VENICE CALLING,EMBASSY OF FRANCE IN MALAYSIA,LULUS DENGAN PENGUBAHAN (LDP),18,11/2/2020
FCPR20200317200,SPREAD YOUR WINGS,EMBASSY OF FRANCE IN MALAYSIA,LULUS DENGAN PENGUBAHAN (LDP),U,11/2/2020
FCKR20200317671,THE CLOSET -2D,GSC MOVIES SDN BHD,LULUS BERSIH (LB),P13,11/2/2020
FCTM20200317796,MAFIA CHAPTER - 1,LOTUS FIVE STAR AV (M) SDN. BHD.,LULUS DENGAN PENGUBAHAN (LDP),P13,12/2/2020
FTEN20200317801,MINIONS: THE RISE OF GRU (TRL. A) 2D,UNITED INTERNATIONAL PICTURES (SDN),LULUS BERSIH (LB),U,13/2/2020
FCEN20200317802,BLOODSHOT (2D),SONY PICTURES ENTERTAINMENT MALAYSIA SDN. BHD.,LULUS DENGAN PENGUBAHAN (LDP),P13,13/2/2020
FTHD20200317821,BHOOT-PART ONE: THE HAUNTED SHIP,SURAYA FILEM PRODUCTION AND DISTRIBUTION SDN. BHD,LULUS BERSIH (LB),U,13/2/2020
FTJP20200317842,KAMEN RIDER REIWA THE FIRST GENERATION,ATRINAGA SDN BHD,LULUS BERSIH (LB),U,13/2/2020
FTEN20200317845,THE INVISIBLE MAN (STEPS PSA) 2D,UNITED INTERNATIONAL PICTURES (SDN),LULUS BERSIH (LB),U,14/2/2020
FTBM20200317758,KENDERAAN BERAT IKUT KIRI,MM2 FILM DISTRIBUTION SDN BHD,LULUS BERSIH (LB),U,14/2/2020
FAJP20200317807,KONOSUBA : GOD'S BLESSING ON THIS WONDERFUL WORLD! - LEGEND OF CRIMSON -2D,GSC MOVIES SDN BHD,LULUS BERSIH (LB),P13,14/2/2020
FCTM20200317762,ATHIGAARI,JHANGRI PRODUCTION HOUSE SDN BHD,LULUS DENGAN PENGUBAHAN (LDP),P13,14/2/2020
FCJP20200317888,KAMEN RIDER REIWA THE FIRST GENERATION,ATRINAGA SDN BHD,LULUS BERSIH (LB),P13,16/2/2020
FCHD20200317890,BHOOT-PART ONE: THE HAUNTED SHIP,SURAYA FILEM PRODUCTION AND DISTRIBUTION SDN. BHD,LULUS DENGAN PENGUBAHAN (LDP),P13,17/2/2020
FCEN20200317947,THE HUNT (2D),UNITED INTERNATIONAL PICTURES (SDN),LULUS DENGAN PENGUBAHAN (LDP),18,18/2/2020
FCEN20200317952,THE INVISIBLE MAN (2D),UNITED INTERNATIONAL PICTURES (SDN),LULUS BERSIH (LB),18,18/2/2020
FTEN20200317954,PETER RABBIT 2 (TRL. J) 2D,SONY PICTURES ENTERTAINMENT MALAYSIA SDN. BHD.,LULUS BERSIH (LB),U,18/2/2020
FCMY20200317990,MIDNIGHT -2D,GSC MOVIES SDN BHD,LULUS BERSIH (LB),P13,18/2/2020
FTEN20200317960,JUNGLE CRUISE (TRL. A) 2D,THE WALT DISNEY COMPANY (MALAYSIA) SDN. BHD.,LULUS BERSIH (LB),U,19/2/2020
FTEN20200317961,JUNGLE CRUISE (TRL. A) 3D,THE WALT DISNEY COMPANY (MALAYSIA) SDN. BHD.,LULUS BERSIH (LB),U,19/2/2020
FTEN20200317962,FREE GUY (TRL. A) 2D,THE WALT DISNEY COMPANY (MALAYSIA) SDN. BHD.,LULUS DENGAN PENGUBAHAN (LDP),U,19/2/2020
FTEN20200317963,ARTEMIS FOWL (TRL. B) 2D,THE WALT DISNEY COMPANY (MALAYSIA) SDN. BHD.,LULUS BERSIH (LB),U,19/2/2020
FTHD20200317967,THAPPAD,NUSANTARA SENI KARYA SDN. BHD.,LULUS BERSIH (LB),U,19/2/2020
FTEN20200318048,THE JACK IN THE BOX,SURAYA FILEM PRODUCTION AND DISTRIBUTION SDN. BHD,LULUS BERSIH (LB),U,19/2/2020
FCHD20200318033,THAPPAD,NUSANTARA SENI KARYA SDN. BHD.,LULUS DENGAN PENGUBAHAN (LDP),P13,20/2/2020
FCTM20200318089,IRUL,KUMAN PICTURES SDN BHD,LULUS DENGAN PENGUBAHAN (LDP),P13,20/2/2020
FCBM20200317726,ADA APA DENGAN DOSA,PENCIL PICTURES AND RECORDS SDN BHD,LULUS DENGAN PENGUBAHAN (LDP),P13,20/2/2020
FTMD20200318085,IN MY HEART,MM2 FILM DISTRIBUTION SDN BHD,LULUS DENGAN PENGUBAHAN (LDP),U,20/2/2020
FCPJ20200318117,IK SANDHU HUNDA SI - 2D,TGV PICTURES SDN. BHD.,LULUS BERSIH (LB),P13,20/2/2020
FCTM20200318120,WALTER,MSK FILM PRODUCTION SDN BHD,LULUS DENGAN PENGUBAHAN (LDP),P13,20/2/2020
FCTM20200318123,VARMAA - 2D,LOTUS FIVE STAR AV (M) SDN. BHD.,LULUS DENGAN PENGUBAHAN (LDP),18,20/2/2020
FCTM20200318124,DRAUPATHI - 2D,LOTUS FIVE STAR AV (M) SDN. BHD.,LULUS DENGAN PENGUBAHAN (LDP),P13,20/2/2020
FCTM20200318121,KANNUM KANNUM KOLLAIYADITHAAL - 2D,LOTUS FIVE STAR AV (M) SDN. BHD.,LULUS DENGAN PENGUBAHAN (LDP),P13,20/2/2020
FCBM20200318080,POLIS EVO 3,ASTRO SHAW SDN BHD,LULUS BERSIH (LB),P13,21/2/2020
FCBM20200318247,SYIF MALAM RAYA,UNITED STUDIOS SDN BHD,LULUS BERSIH (LB),P13,23/2/2020
FCEN20200317544,TROLLS WORLD TOUR (2D),UNITED INTERNATIONAL PICTURES (SDN),LULUS BERSIH (LB),P13,24/2/2020
FTJP20200318304,HOWLING VILLAGE,MM2 FILM DISTRIBUTION SDN BHD,LULUS BERSIH (LB),U,25/2/2020
FTTH20200318305,PEE NAK 2,MM2 FILM DISTRIBUTION SDN BHD,LULUS BERSIH (LB),U,25/2/2020
FCBM20200318316,CERANA BIDUK BU MERAH ,EMPIRE WAFFI SDN BHD ,LULUS DENGAN PENGUBAHAN (LDP),P13,25/2/2020
FCTM20200318302,COCKTAIL,DMY CREATION SDN. BHD.,LULUS BERSIH (LB),18,25/2/2020
FCHD20200318253,BAAGHI 3,ANTENNA ENTERTAINMENTS SDN BHD,LULUS DENGAN PENGUBAHAN (LDP),18,25/2/2020
FTEN20200318323,CONNECTED (TRL. F) 2D,SONY PICTURES ENTERTAINMENT MALAYSIA SDN. BHD.,LULUS BERSIH (LB),U,26/2/2020
FTEN20200318334,I STILL BELIEVE - TRL,TGV PICTURES SDN. BHD.,LULUS BERSIH (LB),U,26/2/2020
FTMD20200318365,CRAZE BELOW THE WIND,MM2 FILM DISTRIBUTION SDN BHD,LULUS BERSIH (LB),U,26/2/2020
FTMD20200318382,IN MY HEART,MM2 FILM DISTRIBUTION SDN BHD,LULUS BERSIH (LB),U,26/2/2020
FCTM20200318393,UN KADHAL IRUNTHAL - 2D,LOTUS FIVE STAR AV (M) SDN. BHD.,LULUS DENGAN PENGUBAHAN (LDP),P13,27/2/2020
FTEN20200318407,ANTEBELLUM,SURAYA FILEM PRODUCTION AND DISTRIBUTION SDN. BHD,LULUS BERSIH (LB),U,27/2/2020
FTEN20200318408,RUN,SURAYA FILEM PRODUCTION AND DISTRIBUTION SDN. BHD,LULUS BERSIH (LB),U,27/2/2020
FCBM20200318322,J2:J RETRIBUSI,PRIMEWORKS STUDIOS SDN. BHD.,LULUS DENGAN PENGUBAHAN (LDP),P13,27/2/2020
FTTM20200318520,RAP PORKALAM,FEATHER ENTERTAINMENT SDN BHD,LULUS BERSIH (LB),U,2/3/2020
FCTH20200318532,PEE NAK 2,MM2 FILM DISTRIBUTION SDN BHD,LULUS DENGAN PENGUBAHAN (LDP),P13,2/3/2020
FCJP20200318533,HOWLING VILLAGE,MM2 FILM DISTRIBUTION SDN BHD,LULUS DENGAN PENGUBAHAN (LDP),P13,2/3/2020
FCEN20200318535,MULAN (2D),THE WALT DISNEY COMPANY (MALAYSIA) SDN. BHD.,LULUS BERSIH (LB),P13,3/3/2020
FCTM20200318541,ASURA GURU-2D,LOTUS FIVE STAR AV (M) SDN. BHD.,LULUS DENGAN PENGUBAHAN (LDP),P13,3/3/2020
FCBM20200318575,BULAN DAN PRIA TERHEBAT,SKOP FILM DISTRIBUTIONS SDN BHD,LULUS DENGAN PENGUBAHAN (LDP),P13,3/3/2020
FCTM20200318590,VELVET NAGARAM - 2D,LOTUS FIVE STAR AV (M) SDN. BHD.,LULUS DENGAN PENGUBAHAN (LDP),18,4/3/2020
FTEN20200318576,THE HUNT (TRL. A) 2D,UNITED INTERNATIONAL PICTURES (SDN),LULUS BERSIH (LB),U,4/3/2020
FTEN20200318577,CANDYMAN (TRL. A) 2D,UNITED INTERNATIONAL PICTURES (SDN),LULUS BERSIH (LB),U,4/3/2020
FCEN20200318593,THE NEW MUTANTS (2D),THE WALT DISNEY COMPANY (MALAYSIA) SDN. BHD.,LULUS DENGAN PENGUBAHAN (LDP),P13,4/3/2020
FTTH20200318613,LOW SEASON,GSC MOVIES SDN BHD,LULUS BERSIH (LB),U,5/3/2020
FTJP20200318614,KAIJI : FINAL GAME,GSC MOVIES SDN BHD,LULUS BERSIH (LB),U,5/3/2020
FTJP20200318615,DIGIMON ADVENTURE : LAST EVOLUTION KIZUNA ,GSC MOVIES SDN BHD,LULUS BERSIH (LB),U,5/3/2020
FTJP20200318616,MY HERO ACADEMIA : HEROES : RISING,GSC MOVIES SDN BHD,LULUS BERSIH (LB),U,5/3/2020
FCHD20200318623,ANGREZI MEDIUM,ANTENNA ENTERTAINMENTS SDN BHD,LULUS DENGAN PENGUBAHAN (LDP),P13,5/3/2020
FCBM20200318567,GEMENCHEH BOYS,ASTRO SHAW SDN BHD,LULUS DENGAN PENGUBAHAN (LDP),P13,5/3/2020
FCJP20200318625,MY HERO ACADEMIA : HEROES : RISING -2D,GSC MOVIES SDN BHD,LULUS BERSIH (LB),P13,5/3/2020
FCJP20200318626,KAIJI : FINAL GAME -2D,GSC MOVIES SDN BHD,LULUS BERSIH (LB),P13,5/3/2020
FCTH20200318627,LOW SEASON - 2D,GSC MOVIES SDN BHD,LULUS DENGAN PENGUBAHAN (LDP),P13,5/3/2020
FCEN20200318528,A QUIET PLACE PART II (2D),UNITED INTERNATIONAL PICTURES (SDN),LULUS BERSIH (LB),P13,5/3/2020
FCEN20200318634,THE HUNT (2D),UNITED INTERNATIONAL PICTURES (SDN),LULUS BERSIH (LB),18,5/3/2020
FTBM20200318586,SYIF MALAM RAYA,UNITED STUDIOS SDN BHD,LULUS BERSIH (LB),U,5/3/2020
FTEN20200318655,TROLLS WORLD TOUR-PRE -BOOKING PIECE THROW (2D),UNITED INTERNATIONAL PICTURES (SDN),LULUS BERSIH (LB),U,6/3/2020
FCBM20200318656,KAFIR,EMPIRE FILM SOLUTION SDN.BHD.,LULUS DENGAN PENGUBAHAN (LDP),P13,6/3/2020
FCEN20200318733,BABA YAGA: TERROR OF THE DARK FOREST,SURAYA FILEM PRODUCTION AND DISTRIBUTION SDN. BHD,LULUS BERSIH (LB),P13,9/3/2020
FCTM20200318749,DHARALA PRABU - 2D,LOTUS FIVE STAR AV (M) SDN. BHD.,LULUS DENGAN PENGUBAHAN (LDP),P13,9/3/2020
FTEN20200318731,A QUIET PLACE PART II CELL-PHONE PROMO,UNITED INTERNATIONAL PICTURES (SDN),LULUS BERSIH (LB),U,10/3/2020
FCPR20200318759,THE SPECIALS -2D,GSC MOVIES SDN BHD,LULUS DENGAN PENGUBAHAN (LDP),P13,10/3/2020
FCEN20200318729,A QUIET PLACE PART II (2D),UNITED INTERNATIONAL PICTURES (SDN),LULUS BERSIH (LB),P13,10/3/2020
FCEN20200318526,PETER RABBIT 2: THE RUNAWAY (2D),SONY PICTURES ENTERTAINMENT MALAYSIA SDN. BHD.,LULUS BERSIH (LB),P13,10/3/2020
FCTM20200318767,ETTUTHIKKUM PARA,DMY CREATION SDN. BHD.,LULUS BERSIH (LB),18,11/3/2020
FCBM20200318750,ESCAPE,DMY CREATION SDN. BHD.,LULUS BERSIH (LB),18,11/3/2020
FCEN20200318901,I STILL BELIEVE - 2D,TGV PICTURES SDN. BHD.,LULUS BERSIH (LB),P13,12/3/2020
FTEN20200318958,INFINITE (TRL. A) 2D,UNITED INTERNATIONAL PICTURES (SDN),LULUS BERSIH (LB),U,13/3/2020
FTEN20200318964,GREYHOUND (TRL. D) 2D,SONY PICTURES ENTERTAINMENT MALAYSIA SDN. BHD.,LULUS BERSIH (LB),U,13/3/2020
FTEN20200318960,THE NEW MUTANTS (TRL. B) 2D,THE WALT DISNEY COMPANY (MALAYSIA) SDN. BHD.,LULUS BERSIH (LB),U,13/3/2020
FTEN20200318961,THE KING'S MAN (TRL. D) 2D,THE WALT DISNEY COMPANY (MALAYSIA) SDN. BHD.,LULUS BERSIH (LB),U,13/3/2020
FTEN20200318962,ANTLERS (TRL. C) 2D,THE WALT DISNEY COMPANY (MALAYSIA) SDN. BHD.,LULUS BERSIH (LB),U,13/3/2020
FTEN20200318963,MULAN (TRL. Q) 2D,THE WALT DISNEY COMPANY (MALAYSIA) SDN. BHD.,LULUS BERSIH (LB),U,13/3/2020
FTTM20200319004,PARAMAPATHAM,DREAM SKY HOME PRODUCTION SDN.BHD.,LULUS BERSIH (LB),U,14/3/2020
FCCZ20200319029,THE BIKERS,EMBASSY OF THE CZECH REPUBLIC,LULUS DENGAN PENGUBAHAN (LDP),18,16/3/2020
FCEN20200319048,SPILT GRAVY,EARLY BIRD PRODUCTIONS SDN BHD,LULUS DENGAN PENGUBAHAN (LDP),P13,16/3/2020
FCMD20200320634,THE BRIDGE CURSE,MM2 FILM DISTRIBUTION SDN BHD,LULUS DENGAN PENGUBAHAN (LDP),P13,10/6/2020
FCLL20200320635,THE CLOCK: SPIRITS AWAKENING,MM2 FILM DISTRIBUTION SDN BHD,LULUS BERSIH (LB),P13,10/6/2020
FCIN20200320631,PSIKO 4 MANTAN,ANTENNA ENTERTAINMENTS SDN BHD,LULUS DENGAN PENGUBAHAN (LDP),18,10/6/2020
FCIN20200320697,KUTUK,ANTENNA ENTERTAINMENTS SDN BHD,LULUS BERSIH (LB),P13,12/6/2020
FCEN20200318755,THE HIRED KILLER,FULL BILLION ENTERTAINMENT SDN. BHD.,LULUS BERSIH (LB),18,15/6/2020
FTEN20200318756,THE HIRED KILLER ,FULL BILLION ENTERTAINMENT SDN. BHD.,LULUS BERSIH (LB),U,15/6/2020
FCBM20200320728,MARABAHAYA UNDERGROUND,D'EDGE COMMUNICATION (M) SDN BHD,LULUS BERSIH (LB),P13,16/6/2020
FCEN20200320922,THE JACK IN THE BOX,SURAYA FILEM PRODUCTION AND DISTRIBUTION SDN. BHD,LULUS BERSIH (LB),P13,22/6/2020
FCJP20200320946,DIGIMON ADVENTURE : LAST EVOLUTION KIZUNA -2D,GSC MOVIES SDN BHD,LULUS BERSIH (LB),P13,22/6/2020
FCKR20200320947,INTRUDER-2D,GSC MOVIES SDN BHD,LULUS BERSIH (LB),P13,22/6/2020
FTMD20200320957,THE BRIDGE CURSE,MM2 FILM DISTRIBUTION SDN BHD,LULUS BERSIH (LB),U,23/6/2020
FTLL20200320958,THE CLOCK: SPIRITS AWAKENING,MM2 FILM DISTRIBUTION SDN BHD,LULUS BERSIH (LB),U,23/6/2020
FCEN20200321057,ANTEBELLUM,SURAYA FILEM PRODUCTION AND DISTRIBUTION SDN. BHD,LULUS BERSIH (LB),18,24/6/2020
FTEN20200321068,RETURN TO CINEMA GENERIC PSA,UNITED INTERNATIONAL PICTURES (SDN),LULUS BERSIH (LB),U,24/6/2020
FTKR20200321220,TRAIN TO BUSAN PRESENTS PENINSULA ,GSC MOVIES SDN BHD,LULUS BERSIH (LB),U,28/6/2020
FCJP20200321238,FUKUSHIMA 50 - 2D,GSC MOVIES SDN BHD,LULUS BERSIH (LB),P13,29/6/2020
FTKR20200321283,INTRUDER ,GSC MOVIES SDN BHD,LULUS BERSIH (LB),U,29/6/2020
FTJP20200321282,FUKUSHIMA 50,GSC MOVIES SDN BHD,LULUS BERSIH (LB),U,29/6/2020
FCEN20200321286,THE EMPTY MAN (2D),THE WALT DISNEY COMPANY (MALAYSIA) SDN. BHD.,LULUS DENGAN PENGUBAHAN (LDP),18,30/6/2020
FTIN20200321351,SEBELUM IBLIS MENJEMPUT: AYAT 2,SURAYA FILEM PRODUCTION AND DISTRIBUTION SDN. BHD,LULUS BERSIH (LB),U,2/7/2020
FTTH20200321350,DARK SECRET,SURAYA FILEM PRODUCTION AND DISTRIBUTION SDN. BHD,LULUS BERSIH (LB),U,2/7/2020
FCKR20200321361,TRAIN TO BUSAN PRESENTS PENINSULA -2D,GSC MOVIES SDN BHD,LULUS BERSIH (LB),18,2/7/2020
FCEN20200321375,THE ROOM,NUSANTARA SENI KARYA SDN. BHD.,LULUS BERSIH (LB),18,6/7/2020
FTEN20200321414,TENET (TRL. F3) 2D,WARNER BROS. MALAYSIA SDN. BHD.,LULUS BERSIH (LB),U,7/7/2020
FCMD20200321458,A CHOO,MM2 FILM DISTRIBUTION SDN BHD,LULUS DENGAN PENGUBAHAN (LDP),P13,7/7/2020
FTMD20200321459,A CHOO,MM2 FILM DISTRIBUTION SDN BHD,LULUS BERSIH (LB),U,7/7/2020
FCJR20200321480,3DAYS IN QUIBERON,EMBASSY OF THE FED. REP OF GERMANY,LULUS DENGAN PENGUBAHAN (LDP),P13,8/7/2020
FTEN20200321493,REBORN,SURAYA FILEM PRODUCTION AND DISTRIBUTION SDN. BHD,LULUS BERSIH (LB),U,8/7/2020
FTEN20200321500,THE RENTAL,ATRINAGA SDN BHD,LULUS BERSIH (LB),U,8/7/2020
FCEN20200321501,THE RENTAL,ATRINAGA SDN BHD,LULUS BERSIH (LB),18,8/7/2020
FTEN20200321575,UNHINGED - TRL,TGV PICTURES SDN. BHD.,LULUS BERSIH (LB),U,10/7/2020
FTEN20200321576,GREENLAND - TRL,TGV PICTURES SDN. BHD.,LULUS BERSIH (LB),U,10/7/2020
FCIN20200321612,AKU TAHU KAPAN KAMU MATI,SURAYA FILEM PRODUCTION AND DISTRIBUTION SDN. BHD,LULUS DENGAN PENGUBAHAN (LDP),P13,13/7/2020
FCEN20200321611,REBORN,SURAYA FILEM PRODUCTION AND DISTRIBUTION SDN. BHD,LULUS DENGAN PENGUBAHAN (LDP),P13,13/7/2020
FTJP20200321680,FATE / STAY NIGHT : HEAVEN'S FEEL III SPRING SONG,GSC MOVIES SDN BHD,LULUS DENGAN PENGUBAHAN (LDP),U,14/7/2020
FTEN20200321681,SOLAR IMPACT,GSC MOVIES SDN BHD,LULUS BERSIH (LB),U,14/7/2020
FCEN20200321739,LEGACY OF LIES,MALIK STREAMS CORPORATION SDN BHD,LULUS DENGAN PENGUBAHAN (LDP),18,16/7/2020
FTEN20200321742,LEGACY OF LIES,MALIK STREAMS CORPORATION SDN BHD,LULUS DENGAN PENGUBAHAN (LDP),U,16/7/2020
FCEN20200321735,TENET (2D),WARNER BROS. MALAYSIA SDN. BHD.,LULUS DENGAN PENGUBAHAN (LDP),P13,16/7/2020
FCEN20200321746,SOLAR IMPACT - 2D,GSC MOVIES SDN BHD,LULUS DENGAN PENGUBAHAN (LDP),P13,16/7/2020
FCKT20200321745,MY PRINCE EDWARD - 2D,GSC MOVIES SDN BHD,LULUS DENGAN PENGUBAHAN (LDP),P13,16/7/2020
FCTM20200321816,DANNY - 2D,LOTUS FIVE STAR AV (M) SDN. BHD.,LULUS DENGAN PENGUBAHAN (LDP),18,20/7/2020
FTKR20200321828,STEEL RAIN : SUMMIT,ATRINAGA SDN BHD,LULUS BERSIH (LB),U,20/7/2020
FCTH20200321838, DARK SECRETS,SURAYA FILEM PRODUCTION AND DISTRIBUTION SDN. BHD,LULUS DENGAN PENGUBAHAN (LDP),18,20/7/2020
FTJP20200321867,DEMON SLAYER PARTY,GSC MOVIES SDN BHD,LULUS BERSIH (LB),U,20/7/2020
FCJP20200321868,DEMON SLAYER PARTY - 2D,GSC MOVIES SDN BHD,LULUS BERSIH (LB),P13,20/7/2020
FCEN20200321997,BLACK WATER : ABYSS,GSC MOVIES SDN BHD,LULUS BERSIH (LB),18,22/7/2020
FMKR20200321932,EYES ON ME :  THE MOVIE,GSC MOVIES SDN BHD,LULUS BERSIH (LB),U,22/7/2020
FTEN20200322007,THE TUNNEL,SURAYA FILEM PRODUCTION AND DISTRIBUTION SDN. BHD,LULUS BERSIH (LB),U,23/7/2020
FTEN20200322077,THE WIDOW,ATRINAGA SDN BHD,LULUS BERSIH (LB),U,23/7/2020
FCEN20200322068,SCOOB! (2D),WARNER BROS. MALAYSIA SDN. BHD.,LULUS BERSIH (LB),P13,24/7/2020
FTEN20200322091,THE KING'S MAN (TRL. F) 2D,THE WALT DISNEY COMPANY (MALAYSIA) SDN. BHD.,LULUS BERSIH (LB),U,24/7/2020
FTKT20200321934,MY PRINCE EDWARD,GSC MOVIES SDN BHD,LULUS BERSIH (LB),U,27/7/2020
FTEN20200322202,BLACK WATER : ABYSS,GSC MOVIES SDN BHD,LULUS BERSIH (LB),U,27/7/2020
FCIN20200322241,SEBELUM IBLIS MENJEMPUT AYAT-2,SURAYA FILEM PRODUCTION AND DISTRIBUTION SDN. BHD,LULUS DENGAN PENGUBAHAN (LDP),18,28/7/2020
FTEN20200322310,BILL & TED FACE THE MUSIC,ONEWORLD ALLIANCE FILM SDN BHD,LULUS BERSIH (LB),U,29/7/2020
FCKR20200322433,STEEL RAIN : SUMMIT,ATRINAGA SDN BHD,LULUS DENGAN PENGUBAHAN (LDP),P13,3/8/2020
FTJP20200322456,BANG DREAM,TGV PICTURES SDN. BHD.,LULUS BERSIH (LB),U,4/8/2020
FAJP20200322466,BANG DREAM - 2D,TGV PICTURES SDN. BHD.,LULUS BERSIH (LB),U,4/8/2020
FCMI20200322285,MAT KILAU,STUDIO KEMBARA,LULUS BERSIH (LB),P13,4/8/2020
FCBM20200322530,AKU BUNGA AKA KERANA DIA AKU MENANGIS ,NUSANTARA SENI KARYA SDN. BHD.,LULUS BERSIH (LB),P13,5/8/2020
FCKT20200322613,LEGALLY DECLARED DEAD,MM2 FILM DISTRIBUTION SDN BHD,LULUS DENGAN PENGUBAHAN (LDP),18,6/8/2020
FTBM20200322614,ADA APA DENGAN DOSA,PENCIL PICTURES AND RECORDS SDN BHD,LULUS BERSIH (LB),U,6/8/2020
FTKT20200322635,LEGALLY DECLARED DEAD,MM2 FILM DISTRIBUTION SDN BHD,LULUS BERSIH (LB),U,7/8/2020
FCBM20200322708,DENDAM KESUMA,RICHPLUS MEDIA SDN. BHD,LULUS BERSIH (LB),P13,10/8/2020
FCSP20200322723,GILDA,EMBASSY OF ARGENTINA,LULUS BERSIH (LB),18,10/8/2020
FCJP20200322842,DANCE WITH ME (CAN'T STOP THE DANCING) ,"THE JAPAN FOUNDATION, KUALA LUMPUR",LULUS BERSIH (LB),P13,11/8/2020
FCJP20200322869,THE FABLE ,"THE JAPAN FOUNDATION, KUALA LUMPUR",LULUS DENGAN PENGUBAHAN (LDP),18,11/8/2020
FCEN20200322934,BILL & TED FACE THE MUSIC,ONEWORLD ALLIANCE FILM SDN BHD,LULUS BERSIH (LB),P13,12/8/2020
FCEN20200322965,BEHIND YOU - 2D,GSC MOVIES SDN BHD,LULUS DENGAN PENGUBAHAN (LDP),P13,12/8/2020
FCJP20200322966,AI AMOK - 2D,GSC MOVIES SDN BHD,LULUS DENGAN PENGUBAHAN (LDP),P13,12/8/2020
FCJP20200322982,MASQUERADE HOTEL,"THE JAPAN FOUNDATION, KUALA LUMPUR",LULUS BERSIH (LB),P13,13/8/2020
FTIN20200323036,SAKRAL,ANTENNA ENTERTAINMENTS SDN BHD,LULUS BERSIH (LB),U,14/8/2020
FTIN20200323038,KUTUK,ANTENNA ENTERTAINMENTS SDN BHD,LULUS BERSIH (LB),U,14/8/2020
FCJP20200323062,FATE / STAY NIGHT ( HEAVEN'S FEEL ) III . SPRING SONG - 2D,GSC MOVIES SDN BHD,LULUS DENGAN PENGUBAHAN (LDP),P13,14/8/2020
FCMD20200323097,DO YOU LOVE ME AS I LOVE YOU,RAM ENTERTAINMENT SDN BHD,LULUS DENGAN PENGUBAHAN (LDP),P13,17/8/2020
FTMD20200323099,DO YOU LOVE ME AS I LOVE YOU,RAM ENTERTAINMENT SDN BHD,LULUS BERSIH (LB),U,17/8/2020
FTKR20200322478,BREAK THE SILENCE.THE MOVIE,NUSANTARA SENI KARYA SDN. BHD.,LULUS BERSIH (LB),U,17/8/2020
FCKR20200322926,BREAK THE SILENCE.THE MOVIE,NUSANTARA SENI KARYA SDN. BHD.,LULUS BERSIH (LB),P13,17/8/2020
FTKR20200323175,BREAK THE SILENCE - THE MOVIE TR.2,NUSANTARA SENI KARYA SDN. BHD.,LULUS BERSIH (LB),U,18/8/2020
FTKR20200323179,BREAK THE SILENCE - THE MOVIE TR. 3,NUSANTARA SENI KARYA SDN. BHD.,LULUS BERSIH (LB),U,18/8/2020
FTMD20200323252,I WEIRDO,MM2 FILM DISTRIBUTION SDN BHD,LULUS BERSIH DENGAN PENGUBAHAN LAIN (LBP),U,19/8/2020
FCMD20200323254,I WEIRDO,MM2 FILM DISTRIBUTION SDN BHD,LULUS DENGAN PENGUBAHAN (LDP),P13,19/8/2020
FCMD20200323282,THE EIGHT HUNDRED -2D,GSC MOVIES SDN BHD,LULUS DENGAN PENGUBAHAN (LDP),18,19/8/2020
FCEN20200321192,MULAN (2D),THE WALT DISNEY COMPANY (MALAYSIA) SDN. BHD.,LULUS BERSIH (LB),P13,21/8/2020
FCEN20200323402,C144 HUMAN X NATURE,REDBOY PICTURES SDN BHD,LULUS DENGAN PENGUBAHAN (LDP),P13,24/8/2020
FTEN20200323409,THE WRETCHED,SURAYA FILEM PRODUCTION AND DISTRIBUTION SDN. BHD,LULUS DENGAN PENGUBAHAN (LDP),U,24/8/2020
FTEN20200323414,SOUL (TRL. CR) 2D,THE WALT DISNEY COMPANY (MALAYSIA) SDN. BHD.,LULUS BERSIH (LB),U,24/8/2020
FTEN20200323415,SOUL (TRL. CR) 3D,THE WALT DISNEY COMPANY (MALAYSIA) SDN. BHD.,LULUS BERSIH (LB),U,24/8/2020
FTEN20200323418,BLACK WIDOW (TRL. GR) 2D,THE WALT DISNEY COMPANY (MALAYSIA) SDN. BHD.,LULUS BERSIH (LB),U,24/8/2020
FTMD20200323421,THE EIGHT HUNDRED,GSC MOVIES SDN BHD,LULUS BERSIH (LB),U,24/8/2020
FTEN20200323420,BEHIND YOU,GSC MOVIES SDN BHD,LULUS BERSIH (LB),U,24/8/2020
FTPR20200323419,THE SPECIALS,GSC MOVIES SDN BHD,LULUS BERSIH (LB),U,24/8/2020
FTKR20200323417,BREAK THE SILENCE,GSC MOVIES SDN BHD,LULUS BERSIH (LB),U,24/8/2020
FTEN20200323474,THE MORTUARY COLLECTION,SURAYA FILEM PRODUCTION AND DISTRIBUTION SDN. BHD,LULUS BERSIH (LB),U,25/8/2020
FTEN20200323638,Z - TRL,TGV PICTURES SDN. BHD.,LULUS BERSIH (LB),U,27/8/2020
FCEN20200323662,THE WRETCHED,SURAYA FILEM PRODUCTION AND DISTRIBUTION SDN. BHD,LULUS DENGAN PENGUBAHAN (LDP),18,27/8/2020
FTJP20200323572,AI AMOK,GSC MOVIES SDN BHD,LULUS BERSIH (LB),U,27/8/2020
FCRS20200323687,THE WIDOW,ATRINAGA SDN BHD,LULUS DENGAN PENGUBAHAN (LDP),P13,27/8/2020
FCBM20200323693,IMAGINUR,LUMATIC FILMS SDN BHD,LULUS BERSIH (LB),P13,28/8/2020
FCKT20200323362,MONSTER RUN (2D),SONY PICTURES ENTERTAINMENT MALAYSIA SDN. BHD.,LULUS BERSIH (LB),P13,28/8/2020
FTEN20200323754,DEATH OF ME ,GSC MOVIES SDN BHD,LULUS DENGAN PENGUBAHAN (LDP),U,31/8/2020
FTEN20200323753,LET IT SNOW,GSC MOVIES SDN BHD,LULUS BERSIH (LB),U,31/8/2020
FAJP20200323757,RE ZERO - 2D,TGV PICTURES SDN. BHD.,LULUS DENGAN PENGUBAHAN (LDP),P13,31/8/2020
FTBM20200323764,MIIMALAND,MICO STUDIO (M) SDN. BHD.,LULUS BERSIH (LB),U,1/9/2020
FTKT20200323359,MONSTER RUN (TRL. A 2D) CANTONESE VERSION,SONY PICTURES ENTERTAINMENT MALAYSIA SDN. BHD.,LULUS BERSIH (LB),U,1/9/2020
FTBM20200323133,MIIMALAND ,MICO STUDIO (M) SDN. BHD.,LULUS BERSIH (LB),U,2/9/2020
FTBM20200323761,MIIMALAND,MICO STUDIO (M) SDN. BHD.,LULUS BERSIH (LB),U,2/9/2020
FTBM20200323834,SALINA (90 SAAT),MADNESS FILMS SDN. BHD.,LULUS BERSIH (LB),U,2/9/2020
FTKR20200323892,DELIVER US FROM EVIL,TGV PICTURES SDN. BHD.,LULUS BERSIH (LB),U,3/9/2020
FCKR20200323906,LITTLE FOREST,EMBASSY OF THE REPUBLIC OF KOREA,LULUS BERSIH (LB),P13,3/9/2020
FCKR20200323907,FAMILYHOOD,EMBASSY OF THE REPUBLIC OF KOREA,LULUS BERSIH (LB),P13,3/9/2020
FCKR20200323908,STAND BY ME ,EMBASSY OF THE REPUBLIC OF KOREA,LULUS BERSIH (LB),P13,3/9/2020
FCKR20200323912,FENGSHUI,EMBASSY OF THE REPUBLIC OF KOREA,LULUS DENGAN PENGUBAHAN (LDP),P13,3/9/2020
FTEN20200323913,AMULET - TRL,TGV PICTURES SDN. BHD.,LULUS BERSIH (LB),U,3/9/2020
FCJP20200323898,PASSAGE OF LIFE ,"THE JAPAN FOUNDATION, KUALA LUMPUR",LULUS DENGAN PENGUBAHAN (LDP),P13,4/9/2020
FCKR20200323959,DELIVER US FROM EVIL-2D,TGV PICTURES SDN. BHD.,LULUS DENGAN PENGUBAHAN (LDP),18,4/9/2020
FCEN20200323961,GHOSTS OF WAR - 2D,YUSARI FILEM SDN. BHD.,LULUS BERSIH DENGAN PENGUBAHAN LAIN (LBP),18,4/9/2020
FCPEN20200323748,NOVEMBER 1ST,42ND PICTURES SDN.BHD.,LULUS DENGAN PENGUBAHAN (LDP),18,4/9/2020
FCPFN20200323749,THE STICK ,42ND PICTURES SDN.BHD.,LULUS BERSIH (LB),U,4/9/2020
FCPJR20200323750,WE DELIVER A SMILE�,42ND PICTURES SDN.BHD.,LULUS BERSIH (LB),P13,4/9/2020
FCPKR20200323752,AIR CONDITIONER IN PANMUNJEOM,42ND PICTURES SDN.BHD.,LULUS DENGAN PENGUBAHAN (LDP),P13,4/9/2020
FCPJP20200322644,INCARNATION ,42ND PICTURES SDN.BHD.,LULUS BERSIH (LB),P13,4/9/2020
FABM20200322653,THE ONEDERFUL NATION,42ND PICTURES SDN.BHD.,LULUS BERSIH (LB),U,4/9/2020
FCPEN20200322656,A BETTER YOU ,42ND PICTURES SDN.BHD.,LULUS BERSIH (LB),P13,4/9/2020
FCPTG20200323742,LIMBO,42ND PICTURES SDN.BHD.,LULUS BERSIH (LB),U,4/9/2020
FCPIM20200323745,LIAN,42ND PICTURES SDN.BHD.,LULUS BERSIH (LB),P13,4/9/2020
FCPJM20200323747,TAPIOCA DIARY��,42ND PICTURES SDN.BHD.,LULUS BERSIH (LB),U,4/9/2020
FCEN20200323983,Z - 2D,TGV PICTURES SDN. BHD.,LULUS BERSIH (LB),P13,7/9/2020
FCEN20200323984,AMULET - 2D,TGV PICTURES SDN. BHD.,LULUS DENGAN PENGUBAHAN (LDP),18,7/9/2020
FCEN20200323966,THE TUNNEL,SURAYA FILEM PRODUCTION AND DISTRIBUTION SDN. BHD,LULUS DENGAN PENGUBAHAN (LDP),P13,7/9/2020
FCEN20200324037,LET IT SNOW -2D,GSC MOVIES SDN BHD,LULUS DENGAN PENGUBAHAN (LDP),P13,8/9/2020
FTEN20200324039,NO TIME TO DIE (TRL. I) 2D,UNITED INTERNATIONAL PICTURES (SDN),LULUS BERSIH (LB),U,8/9/2020
FAPR20200323746,FOR A FISTFULL OF TOFFEES,42ND PICTURES SDN.BHD.,LULUS BERSIH (LB),P13,8/9/2020
FTMD20200323661,NASI LEMAK 1.0,NSP ENTERTAINMENT SDN. BHD.,LULUS BERSIH (LB),U,8/9/2020
FTBM20200324009,NASI LEMAK 1.0,NSP ENTERTAINMENT SDN. BHD.,LULUS DENGAN PENGUBAHAN (LDP),U,8/9/2020
FCEN20200324191,UNHINGED - 2D,TGV PICTURES SDN. BHD.,LULUS BERSIH (LB),18,11/9/2020
FTEN20200324220,FREAKY (TRL. A) 2D,UNITED INTERNATIONAL PICTURES (SDN),LULUS DENGAN PENGUBAHAN (LDP),U,11/9/2020
FDSP20200324189,"GABO, THE MAGIC OF REALITY",EMBASSY OF COLOMBIA,LULUS BERSIH (LB),P13,14/9/2020
FTTM20200324306,POOCHANDI,TRIUMBAKAA SDN BHD,LULUS BERSIH (LB),U,15/9/2020
FCEN20200324258,THE VIGIL,POSITIVE FILM SDN BHD,LULUS DENGAN PENGUBAHAN (LDP),P13,17/9/2020
FCJP20200324383,ONE SUMMER STORY,"THE JAPAN FOUNDATION, KUALA LUMPUR",LULUS BERSIH (LB),P13,17/9/2020
FCJP20200324388,NOT QUITE DEAD YET ,"THE JAPAN FOUNDATION, KUALA LUMPUR",LULUS BERSIH (LB),P13,17/9/2020
FCJP20200324390,TALKING THE PICTURES ,"THE JAPAN FOUNDATION, KUALA LUMPUR",LULUS DENGAN PENGUBAHAN (LDP),P13,17/9/2020
FCJP20200324392,STEP ,"THE JAPAN FOUNDATION, KUALA LUMPUR",LULUS BERSIH (LB),U,17/9/2020
FCEN20200324451,THE MORTUARY COLLECTION,SURAYA FILEM PRODUCTION AND DISTRIBUTION SDN. BHD,LULUS DENGAN PENGUBAHAN (LDP),18,18/9/2020
FTEN20200324454,NO TIME TO DIE (TRAILER WHAT IS BOND) 2D,UNITED INTERNATIONAL PICTURES (SDN),LULUS BERSIH (LB),U,18/9/2020
FTEN20200324455,DUNE (TRL. F2) 2D,WARNER BROS. MALAYSIA SDN. BHD.,LULUS BERSIH (LB),U,18/9/2020
FCMI20200324475,PASAL KAU,ACT 2 PICTURES SDN BHD,LULUS BERSIH (LB),P13,21/9/2020
FCIN20200324495,MATI ANAK,ANTENNA ENTERTAINMENTS SDN BHD,LULUS DENGAN PENGUBAHAN (LDP),P13,21/9/2020
FCEN20200324518,AWOKEN,ANTENNA ENTERTAINMENTS SDN BHD,LULUS BERSIH (LB),18,21/9/2020
FCHM20200324051,THE STORY OF SOUTHERN ISLET,ASTERI PRODUCTION SDN BHD,LULUS DENGAN PENGUBAHAN (LDP),P13,21/9/2020
FTKT20200324544,FATAL VISIT ,MM2 FILM DISTRIBUTION SDN BHD,LULUS BERSIH (LB),U,22/9/2020
FCKT20200324548,FATAL VISIT ,MM2 FILM DISTRIBUTION SDN BHD,LULUS DENGAN PENGUBAHAN (LDP),P13,22/9/2020
FCBM20200324502,IMAGINUR,LUMATIC FILMS SDN BHD,LULUS BERSIH (LB),P13,22/9/2020
FDEN20200324556,INSIDE PEACE,LOTUS FIVE STAR AV (M) SDN. BHD.,LULUS BERSIH (LB),P13,22/9/2020
FCPJP20200324483,LOST AND FOUND IN YOKOHAMA,42ND PICTURES SDN.BHD.,LULUS BERSIH (LB),U,22/9/2020
FCJR20200324628,DER JUNGE MUSS AN DIE FRISCHE LUFT,EMBASSY OF THE FED. REP OF GERMANY,LULUS DENGAN PENGUBAHAN (LDP),P13,23/9/2020
FTEN20200324535,THE VIGIL,POSITIVE FILM SDN BHD,LULUS BERSIH (LB),U,23/9/2020
FTEN20200324651,THE CROODS: A NEW AGE (TRL. A) 2D,UNITED INTERNATIONAL PICTURES (SDN),LULUS BERSIH (LB),U,23/9/2020
FTEN20200324652,WONDER WOMAN 1984 (TRL F4) 2D,WARNER BROS. MALAYSIA SDN. BHD.,LULUS BERSIH (LB),U,23/9/2020
FTBM20200324659,NASI LEMAK 1.0,NSP ENTERTAINMENT SDN. BHD.,LULUS BERSIH (LB),U,23/9/2020
FTTH20200324654,NEMESIS,GSC MOVIES SDN BHD,LULUS BERSIH (LB),U,23/9/2020
FTMD20200324655,LEAP,GSC MOVIES SDN BHD,LULUS BERSIH (LB),U,23/9/2020
FTTH20200324656,MOTHER GAMER,GSC MOVIES SDN BHD,LULUS BERSIH (LB),U,23/9/2020
FTMD20200324657,"MY PEOPLE , MY HOMELAND",GSC MOVIES SDN BHD,LULUS BERSIH (LB),U,23/9/2020
FAJP20200324552,YASHIRO TAKESHI  STOP MOTION ANIMATION,"THE JAPAN FOUNDATION, KUALA LUMPUR",LULUS BERSIH (LB),U,24/9/2020
FTEN20200324711,COSMOBALL,SURAYA FILEM PRODUCTION AND DISTRIBUTION SDN. BHD,LULUS DENGAN PENGUBAHAN (LDP),U,24/9/2020
FCJP20200324696,WE MAKE ANTIQUES! KYOTO RENDEZVOUS,"THE JAPAN FOUNDATION, KUALA LUMPUR",LULUS BERSIH (LB),U,24/9/2020
FCEN20200324457,MONSTER HUNTER (2D),SONY PICTURES ENTERTAINMENT MALAYSIA SDN. BHD.,LULUS DENGAN PENGUBAHAN (LDP),P13,24/9/2020
FCEN20200324721,DEATH OF ME -2D,GSC MOVIES SDN BHD,LULUS DENGAN PENGUBAHAN (LDP),18,24/9/2020
FTEN20200324763,ROGUE,SURAYA FILEM PRODUCTION AND DISTRIBUTION SDN. BHD,LULUS BERSIH (LB),U,28/9/2020
FCMX20200324862,LA PROMESA,EMBASSY OF MEXICO,LULUS BERSIH (LB),P13,29/9/2020
FCMD20200324868,LEAP -2D,GSC MOVIES SDN BHD,LULUS DENGAN PENGUBAHAN (LDP),U,29/9/2020
FCTH20200324870,MOTHER GAMER - 2D,GSC MOVIES SDN BHD,LULUS DENGAN PENGUBAHAN (LDP),P13,29/9/2020
FAJP20200324943,CRAYON SHIN-CHAN: RAKUGA KINGDOM- 2D,TGV PICTURES SDN. BHD.,LULUS DENGAN PENGUBAHAN (LDP),P13,30/9/2020
FTJP20200324944,CRAYON SHIN-CHAN: RAKUGA KINGDOM,TGV PICTURES SDN. BHD.,LULUS BERSIH (LB),U,30/9/2020
FCHG20200324971,B��K ,EMBASSY OF HUNGARY IN KL,LULUS BERSIH (LB),18,30/9/2020
FCBM20200324919,JANET,KAYA KENYALANG SDN BHD,LULUS BERSIH (LB),P13,30/9/2020
FCMD20200324977,"MY PEOPLE , MY HOMELAND -  2D",GSC MOVIES SDN BHD,LULUS BERSIH (LB),P13,30/9/2020
FCTM20200325005,MINSARA KANAVU,LOTUS FIVE STAR AV (M) SDN. BHD.,LULUS DENGAN PENGUBAHAN (LDP),P13,2/10/2020
FCBM20200322112,SUMPAHAN JERUNEI,PRODUKSI SENI DUAPULUH DUAPULUH SDN BHD,LULUS DENGAN PENGUBAHAN (LDP),P13,2/10/2020
FCIN20200325084,ZETA-2D,TGV PICTURES SDN. BHD.,LULUS BERSIH (LB),P13,6/10/2020
FTIN20200325086,ZETA,TGV PICTURES SDN. BHD.,LULUS BERSIH (LB),U,6/10/2020
FTEN20200325105,HALLOWEEN PARTY ,GSC MOVIES SDN BHD,LULUS BERSIH (LB),U,6/10/2020
FCEN20200325102,THE SECRETS WE KEEP - 2D,GSC MOVIES SDN BHD,LULUS DENGAN PENGUBAHAN (LDP),P13,6/10/2020
FTKT20200325136,HELL BANK PRESENTS: RUNNING GHOST,MM2 FILM DISTRIBUTION SDN BHD,LULUS BERSIH (LB),U,7/10/2020
FTKT20200325137,HELL BANK PRESENTS: RUNNING GHOST,MM2 FILM DISTRIBUTION SDN BHD,LULUS BERSIH (LB),U,7/10/2020
FTBM20200325272,MENCARI RAHMAT,EMPIRE FILM SOLUTION SDN.BHD.,LULUS BERSIH (LB),U,12/10/2020
FCTH20200325338,NEMESIS - 2D,GSC MOVIES SDN BHD,LULUS BERSIH (LB),18,12/10/2020
FCEN20200325330,HALLOWEEN PARTY - 2D,GSC MOVIES SDN BHD,LULUS DENGAN PENGUBAHAN (LDP),18,12/10/2020
FCMD20200325378,"SOMETIME, SOMETIME",JAZZY GROUP (M) SDN. BHD.,LULUS BERSIH (LB),P13,13/10/2020
FCIR20200325382,JUST 6.5,JAZZY GROUP (M) SDN. BHD.,LULUS BERSIH (LB),18,13/10/2020
FCLL20200325386,JOHN DENVER TRENDING,JAZZY GROUP (M) SDN. BHD.,LULUS BERSIH (LB),18,13/10/2020
FCMD20200325391,MALU,JAZZY GROUP (M) SDN. BHD.,LULUS DENGAN PENGUBAHAN (LDP),P13,13/10/2020
FCLL20200325393,CLEANERS,JAZZY GROUP (M) SDN. BHD.,LULUS DENGAN PENGUBAHAN (LDP),18,13/10/2020
FCTM20200325406,JEANS - 2D,LOTUS FIVE STAR AV (M) SDN. BHD.,LULUS DENGAN PENGUBAHAN (LDP),P13,14/10/2020
FCTM20200325404,SIVAJI : THE BOSS - 3D,LOTUS FIVE STAR AV (M) SDN. BHD.,LULUS DENGAN PENGUBAHAN (LDP),P13,14/10/2020
FTEN20200325423,DON'T LOOK BACK,SURAYA FILEM PRODUCTION AND DISTRIBUTION SDN. BHD,LULUS BERSIH (LB),U,14/10/2020
FCEN20200325424,THE 100 CANDLES GAME,SURAYA FILEM PRODUCTION AND DISTRIBUTION SDN. BHD,LULUS DENGAN PENGUBAHAN (LDP),18,14/10/2020
FCTM20200325455,VIMAN,AMKSCAPE SDN BHD,LULUS DENGAN PENGUBAHAN (LDP),P13,14/10/2020
FCTM20200325367,HERO FRIEND-U,DOVE EYES ENTERTAINMENT SDN BHD,LULUS DENGAN PENGUBAHAN (LDP),P13,16/10/2020
FCEN20200325563,RUN,SURAYA FILEM PRODUCTION AND DISTRIBUTION SDN. BHD,LULUS BERSIH (LB),P13,16/10/2020
FCEN20200325545,FREAKY (2D),UNITED INTERNATIONAL PICTURES (SDN),LULUS DENGAN PENGUBAHAN (LDP),18,19/10/2020
FTEN20200325565,MONSTER HUNTER (TRL. E) 2D,SONY PICTURES ENTERTAINMENT MALAYSIA SDN. BHD.,LULUS BERSIH (LB),U,19/10/2020
FTEN20200325701,COME AWAY,SURAYA FILEM PRODUCTION AND DISTRIBUTION SDN. BHD,LULUS BERSIH (LB),U,21/10/2020
FCIR20200325461,THE SLAUGHTERHOUSE,JAZZY GROUP (M) SDN. BHD.,LULUS DENGAN PENGUBAHAN (LDP),18,13/11/2020
FCLL20200325462,THE LONG WALK,JAZZY GROUP (M) SDN. BHD.,LULUS DENGAN PENGUBAHAN (LDP),P13,13/11/2020
FCIM20200326433,THE CODE OF HAPPINESS,JAZZY GROUP (M) SDN. BHD.,LULUS DENGAN PENGUBAHAN (LDP),P13,16/11/2020
FCMD20200326438,STRANGER THAN LOVE,JAZZY GROUP (M) SDN. BHD.,LULUS BERSIH (LB),18,16/11/2020
FCMD20200326439,VICTIM(S),JAZZY GROUP (M) SDN. BHD.,LULUS DENGAN PENGUBAHAN (LDP),18,16/11/2020
FCMD20200326444,SUMMER KNIGHT,JAZZY GROUP (M) SDN. BHD.,LULUS DENGAN PENGUBAHAN (LDP),P13,16/11/2020
FCIN20200326445,"MANY CHICKENS, LOTS OF LUCK",JAZZY GROUP (M) SDN. BHD.,LULUS DENGAN PENGUBAHAN (LDP),18,16/11/2020
FCIR20200326446,A MAN WITHOUT SHADOW,JAZZY GROUP (M) SDN. BHD.,LULUS BERSIH (LB),18,16/11/2020
FCIR20200326447,THE OATH,JAZZY GROUP (M) SDN. BHD.,LULUS BERSIH (LB),18,16/11/2020
FCKR20200326448,LIGHT FOR THE YOUTH,JAZZY GROUP (M) SDN. BHD.,LULUS DENGAN PENGUBAHAN (LDP),18,16/11/2020
FCIM20200326450,TIONG BAHRU SOCIAL CLUB,JAZZY GROUP (M) SDN. BHD.,LULUS DENGAN PENGUBAHAN (LDP),18,16/11/2020
FCHM20200326451,THE STORY OF SOUTHERN ISLET,JAZZY GROUP (M) SDN. BHD.,LULUS DENGAN PENGUBAHAN (LDP),P13,16/11/2020
FCIN20200326449,THE SCIENCE OF FICTIONS ,JAZZY GROUP (M) SDN. BHD.,LULUS DENGAN PENGUBAHAN (LDP),P13,16/11/2020
FCEN20200326407,WONDER WOMAN 1984 (2D),WARNER BROS. MALAYSIA SDN. BHD.,LULUS BERSIH (LB),P13,17/11/2020
FCEN20200326404,NOBODY (2D),UNITED INTERNATIONAL PICTURES (SDN),LULUS DENGAN PENGUBAHAN (LDP),18,17/11/2020
FCJP20200326494,DEMON SLAYER : KIMETSU NO YAIBA THE MOVIE : MUGEN TRAIN - 2D,GSC MOVIES SDN BHD,LULUS BERSIH (LB),P13,17/11/2020
FCVT20200326495,DREAMY EYES - 2D,GSC MOVIES SDN BHD,LULUS DENGAN PENGUBAHAN (LDP),P13,17/11/2020
FTEN20200326531,THE 100 CANDLES GAME,SURAYA FILEM PRODUCTION AND DISTRIBUTION SDN. BHD,LULUS BERSIH (LB),U,17/11/2020
FCTM20200326574,KAVALTHURAI UNGAL NANBAN,MSK FILM PRODUCTION SDN BHD,LULUS DENGAN PENGUBAHAN (LDP),18,18/11/2020
FCEN20200326406,THE CROODS: A NEW AGE (2D) ,UNITED INTERNATIONAL PICTURES (SDN),LULUS BERSIH (LB),P13,19/11/2020
FCBM20200001031,PROKSI,FEG EQUIPMENT SDN. BHD.,LULUS BERSIH (LB),P13,24/11/2020
FCKT20200326841,THE CALLING OF A BUS DRIVER - 2D,GSC MOVIES SDN BHD,LULUS DENGAN PENGUBAHAN (LDP),P13,25/11/2020
FCEN20200327025,ROGUE,SURAYA FILEM PRODUCTION AND DISTRIBUTION SDN. BHD,LULUS DENGAN PENGUBAHAN (LDP),18,1/12/2020
FCEN20200326819,PROMISING YOUNG WOMAN (2D),UNITED INTERNATIONAL PICTURES (SDN),LULUS DENGAN PENGUBAHAN (LDP),18,1/12/2020
FCEN20200326409,SOUL (2D),THE WALT DISNEY COMPANY (MALAYSIA) SDN. BHD.,LULUS BERSIH (LB),P13,1/12/2020
FTEN20200326898,THE BOSS BABY: FAMILY BUSINESS (TRL. A) 2D,UNITED INTERNATIONAL PICTURES (SDN),LULUS BERSIH (LB),U,1/12/2020
FCMD20200327259,SOUL SNATCHER - 2D,GSC MOVIES SDN BHD,LULUS DENGAN PENGUBAHAN (LDP),P13,3/12/2020
FCBM20200327372,DANUM,EMPIRE FILM SOLUTION SDN.BHD.,LULUS BERSIH (LB),P13,8/12/2020
FTTM20200327390,MR. PEYII,UNISON PRODUCTION SDN BHD,LULUS BERSIH (LB),U,9/12/2020
FCKT20200327438,HELL BANK PRESENTS: RUNNING GHOST,MM2 FILM DISTRIBUTION SDN BHD,LULUS BERSIH (LB),P13,9/12/2020
FTMD20200327454,NUMBER ONE,MM2 FILM DISTRIBUTION SDN BHD,LULUS BERSIH (LB),U,9/12/2020
FCMD20200327458,NUMBER ONE,MM2 FILM DISTRIBUTION SDN BHD,LULUS DENGAN PENGUBAHAN (LDP),18,9/12/2020
FCBM20200327398,RAHSIA,ASTRO SHAW SDN BHD,LULUS BERSIH (LB),P13,9/12/2020
FCEN20200327522,HAUNTING OF THE MARY CELESTE,SURAYA FILEM PRODUCTION AND DISTRIBUTION SDN. BHD,LULUS DENGAN PENGUBAHAN (LDP),P13,11/12/2020
FTMD20200327535,NUMBER ONE,MM2 FILM DISTRIBUTION SDN BHD,LULUS DENGAN PENGUBAHAN (LDP),U,14/12/2020
FCMD20200327553,THE RESCUE,MM2 FILM DISTRIBUTION SDN BHD,LULUS DENGAN PENGUBAHAN (LDP),P13,14/12/2020
FTTH20200327605,THE CON-HEARTIST,SURAYA FILEM PRODUCTION AND DISTRIBUTION SDN. BHD,LULUS BERSIH (LB),U,15/12/2020
FCTM20200327659,AVVAI SHANMUGI - 2D,LOTUS FIVE STAR AV (M) SDN. BHD.,LULUS BERSIH (LB),U,16/12/2020
FCEN20200327650,MONSTER HUNTER (2D),SONY PICTURES ENTERTAINMENT MALAYSIA SDN. BHD.,LULUS BERSIH (LB),P13,16/12/2020
FCKT20200327683,SHOCK WAVE 2 - 2D,GSC MOVIES SDN BHD,LULUS BERSIH (LB),18,17/12/2020
FCTM20200327821,KAATTERI,MSK FILM PRODUCTION SDN BHD,LULUS BERSIH (LB),P13,18/12/2020
FCTM20200327827,KOMBU - 2D,LOTUS FIVE STAR AV (M) SDN. BHD.,LULUS DENGAN PENGUBAHAN (LDP),18,18/12/2020
FCBM20200326723,PREBET SAPU,KRISTAL AZMIR SDN BHD,LULUS BERSIH (LB),P13,21/12/2020
FCBM20200327407,BUDAK KRIPTO,A&S PICTURES SDN BHD,LULUS DENGAN PENGUBAHAN (LDP),P13,21/12/2020
FCTL20200327823,SOLO BRATHUKE SO BETTER,POKETPLAY SDN BHD,LULUS BERSIH (LB),P13,21/12/2020
FTEN20200327860,NOBODY (TRL. C) 2D,UNITED INTERNATIONAL PICTURES (SDN),LULUS BERSIH (LB),U,21/12/2020
FTEN20200327858,RAYA AND THE LAST DRAGON (TRL. A) 2D,THE WALT DISNEY COMPANY (MALAYSIA) SDN. BHD.,LULUS BERSIH (LB),U,21/12/2020
FCTH20200327677,THE CON-HEARTIST,SURAYA FILEM PRODUCTION AND DISTRIBUTION SDN. BHD,LULUS DENGAN PENGUBAHAN (LDP),P13,21/12/2020
FCBM20200327862,SELAMAT HARI X JADI,MULTIMEDIA FILM PRODUCTIONS SDN BHD,LULUS BERSIH (LB),P13,22/12/2020
FCIB20200327971,BELABAN HIDUP-INFEKSI ZOMBIE,HORNBILL FILMS SDN BHD,LULUS BERSIH (LB),P13,22/12/2020
FCTR20200327986,ARAF 3,ANTENNA ENTERTAINMENTS SDN BHD,LULUS DENGAN PENGUBAHAN (LDP),18,23/12/2020
FCTM20200328072,EESWARAN - 2D,LOTUS FIVE STAR AV (M) SDN. BHD.,LULUS BERSIH (LB),P13,28/12/2020
FCEN20200328060,DON'T LOOK BACK,SURAYA FILEM PRODUCTION AND DISTRIBUTION SDN. BHD,LULUS DENGAN PENGUBAHAN (LDP),P13,28/12/2020
FCTM20200328123,AVAL THEDIYATHU,AT MOVIES SDN BHD,LULUS DENGAN PENGUBAHAN (LDP),P13,29/12/2020
FCTM20200328208,MASTER - 2D,LOTUS FIVE STAR AV (M) SDN. BHD.,LULUS DENGAN PENGUBAHAN (LDP),18,31/12/2020
